,follower_speed,spacing,speed_diff
165517,16.71,36.56017747632336,-0.1377777800000004
165527,16.65444444,36.44394083184032,-0.1400000000000005
165537,16.56,36.33880578706172,-0.0844444399999986
165547,16.48333333,36.27501830305884,-0.0444444399999994
165557,16.42111111,36.2260820778119,-0.0399999999999991
165567,16.38888889,36.15156595547801,-0.0800000000000018
165577,16.35,36.06215621807823,-0.083333330000002
165587,16.25333333,36.031035092818044,0.0022222300000009
165597,16.17888889,36.07870500577633,0.0788888900000017
165607,16.10111111,36.217279322070624,0.1799999999999997
165617,16.10222222,36.41958878556478,0.2111111099999973
165627,16.08666667,36.655080115714966,0.2544444400000003
165637,16.03666667,36.935416118991725,0.3144444400000026
165647,15.98555556,37.27793103790364,0.3711111099999993
165657,15.96444444,37.65901355440563,0.3922222299999998
165667,15.97333333,38.04680235771517,0.3866666699999985
165677,15.99111111,38.43302867282232,0.3822222200000009
165687,16.03,38.80763004086897,0.3644444399999997
165697,16.06888889,39.151913742875905,0.3299999999999983
165707,16.07888889,39.48607789870066,0.3311111099999984
165717,16.13111111,39.82716710009213,0.3377777799999997
165727,16.18555556,40.18216592077819,0.34222222
165737,16.28666667,40.49368464391691,0.2733333299999998
165747,16.36444444,40.72454893312009,0.2166666699999986
165757,16.40888889,40.9079947839558,0.1766666699999994
165767,16.45444444,41.054356010042895,0.1422222300000015
165777,16.48555556,41.18498101762597,0.1155555499999998
165787,16.54666667,41.288813613365775,0.0688888900000002
165797,16.59666667,41.3529164437293,0.0544444399999974
165807,16.62777778,41.424837767607976,0.0511111100000007
165817,16.67888889,41.480772159974045,0.0044444400000003
165827,16.77444444,41.44663707306076,-0.1033333300000016
165837,16.78777778,41.319969831751735,-0.129999999999999
165847,16.79,41.17940485200656,-0.1288888899999989
165857,16.78444444,41.050289860016335,-0.136666660000003
165867,16.84333333,40.854419636681584,-0.27555555
165877,16.91111111,40.51886578402818,-0.3822222199999991
165887,16.86222222,40.119341768504576,-0.3744444400000013
165897,16.77888889,39.77030343035706,-0.3222222200000004
165907,16.71777778,39.475150001338406,-0.2688888899999995
165917,16.70666667,39.2152978052577,-0.2633333399999991
165927,16.74555556,38.924585739260905,-0.3233333400000013
165937,16.72777778,38.586712095657965,-0.3288888900000017
165947,16.68,38.27117777380931,-0.2733333299999998
165957,16.63444444,38.01658620792402,-0.24777776999999898
165967,16.70777778,37.7061002493322,-0.3744444500000021
165977,16.71222222,37.27843538994503,-0.4577777800000007
165987,16.64888889,36.81184655840568,-0.4688888899999988
165997,16.57888889,36.34798044000996,-0.462222220000001
166007,16.51222222,35.909206769900564,-0.4166666600000006
166017,16.43444444,35.552419807132544,-0.3488888800000005
166027,16.37111111,35.266959162812384,-0.27888889000000106
166037,16.32777778,35.02195048016516,-0.2477777800000034
166047,16.26111111,34.804822116171806,-0.1977777800000026
166057,16.20444444,34.64869890128825,-0.1455555500000009
166067,16.11444444,34.54258441983249,-0.0655555499999991
166077,16.03666667,34.5566204464818,0.0366666600000016
166087,16.00555556,34.673582610281116,0.1122222199999996
166097,15.99333333,34.819727539509195,0.1611111099999984
166107,16.00333333,35.026547938785036,0.2144444499999984
166117,15.95333333,35.27636641754333,0.2988888900000006
166127,15.91111111,35.611979702156354,0.3622222199999996
166137,15.89888889,36.020122194426754,0.4011111100000004
166147,15.95777778,36.39632221895326,0.3555555499999983
166157,15.97,36.74416263534828,0.3511111099999997
166167,15.96777778,37.121672183780156,0.3811111100000008
166177,15.95111111,37.50706176124275,0.4155555600000014
166187,15.96777778,37.90700072158049,0.42111111
166197,16.00111111,38.31173926632943,0.4011111099999986
166207,16.01,38.70761675517787,0.4166666699999979
166217,16.03222222,39.126514535310704,0.4199999999999981
166227,16.11555556,39.51741981712942,0.3399999999999998
166237,16.14555556,39.843383951940396,0.3211111100000003
166247,16.13,40.18332314714593,0.3788888900000025
166257,16.15888889,40.56164963062471,0.3811111099999991
166267,16.21444444,40.922937976894985,0.3488888899999978
166277,16.31111111,41.22239254354973,0.2722222199999997
166287,16.34666667,41.44858327965672,0.2333333299999971
166297,16.41333333,41.59887663572768,0.1544444499999997
166307,16.39333333,41.694927221443145,0.1466666699999983
166317,16.33444444,41.82259858080757,0.17666667000000302
166327,16.31,41.96757801506554,0.1644444400000004
166337,16.29666667,42.11176612726106,0.1499999999999985
166347,16.29777778,42.236660480486044,0.1233333299999976
166357,16.29444444,42.34402273395403,0.12000000000000098
166367,16.29,42.44882763234264,0.1022222200000015
166377,16.30444444,42.539981917682454,0.0811111199999992
166387,16.31222222,42.60825274256601,0.0722222200000004
166397,16.30888889,42.67029001943375,0.0755555500000006
166407,16.31222222,42.74043212489947,0.082222220000002
166417,16.30333333,42.812956532981865,0.0899999999999998
166427,16.33555556,42.8690095466189,0.0477777699999997
166437,16.33888889,42.88190208213004,0.0322222200000013
166447,16.31888889,42.89315326041987,0.0411111099999992
166457,16.31777778,42.92000661896262,0.0355555500000015
166467,16.30666667,42.98407190092443,0.0611111100000023
166477,16.32555556,43.030175245309714,0.0177777699999985
166487,16.38444444,43.00733130914004,-0.0855555499999987
166497,16.36444444,42.90670731102953,-0.1111111099999995
166507,16.27777778,42.83039310358899,-0.0766666700000016
166517,16.23,42.76392152951672,-0.0677777800000001
166527,16.17888889,42.69585280310683,-0.038888889999998996
166537,16.13555556,42.69790763342624,0.0277777700000001
166547,16.10888889,42.74259877186542,0.0711111100000003
166557,16.08666667,42.8353713993029,0.1166666599999999
166567,16.06333333,42.980628584381826,0.1844444500000008
166577,16.08444444,43.209548566918535,0.2233333399999999
166587,16.16555556,43.44437620840742,0.2188888799999979
166597,16.24777778,43.67185741887433,0.2066666599999997
166607,16.36333333,43.851987047207096,0.15888889
166617,16.44222222,44.03745079052417,0.1433333399999981
166627,16.51444444,44.15099196968379,0.0800000000000018
166637,16.61444444,44.15132942008775,-0.0277777700000001
166647,16.64,43.99018787407459,-0.0600000000000022
166657,16.61333333,43.828411663862695,-0.0622222199999988
166667,16.55777778,43.68209709602888,-0.0700000000000002
166677,16.51777778,43.62988594921997,0.0411111099999992
166687,16.42888889,43.63519273442574,0.0155555500000019
166697,16.46888889,43.5364832696571,-0.1088888899999993
166707,16.57444444,43.38665880765892,-0.2077777699999998
166717,16.39777778,43.28363795700557,-0.0166666699999993
166727,16.36555556,43.279543292161684,-0.0077777800000014
166737,16.34777778,43.25531294692112,-0.028888890000001
166747,16.31888889,43.23634035821321,-0.0266666700000008
166757,16.26111111,43.2428163740166,-0.0033333300000002
166767,16.18333333,43.29677143843125,0.0766666700000016
166777,16.17222222,43.39717880379103,0.0911111099999999
166787,16.16111111,43.49854382483275,0.1133333299999996
166797,16.2,43.58248606298454,0.0899999999999998
166807,16.25666667,43.62726935027778,0.0511111099999972
166817,16.27888889,43.66666996561501,0.0500000000000007
166827,16.30777778,43.708820430035246,0.0211111100000032
166837,16.33,43.687667544386244,-0.0366666699999989
166847,16.30333333,43.629742843289826,-0.0433333299999993
166857,16.24666667,43.601215266671375,0.0
166867,16.20555556,43.61469354146218,0.0300000000000011
166877,16.20666667,43.6370538779954,0.0133333299999982
166887,16.19,43.64094361320785,0.0122222199999981
166897,16.16333333,43.65990446800983,0.0455555600000003
166907,16.12555556,43.72557287258955,0.0766666600000007
166917,16.10444444,43.80790679916612,0.0911111199999972
166927,16.12,43.88986478876457,0.0799999999999983
166937,16.09777778,43.97192388328313,0.1066666599999983
166947,16.09777778,44.062961972561816,0.0888888899999997
166957,16.10666667,44.16299856556755,0.09222222
166967,16.06888889,44.27462512806797,0.1488888899999985
166977,16.01444444,44.458036910615185,0.2255555600000001
166987,16.02777778,44.66637840010309,0.2233333299999991
166997,16.06444444,44.86993811078297,0.1988888899999992
167007,16.1,45.06646379488385,0.2166666699999986
167017,16.13777778,45.28580691629315,0.2544444400000003
167027,16.22555556,45.53557843766279,0.2555555500000004
167037,16.37333333,45.76485047713165,0.1755555599999994
167047,16.46888889,45.93658654404315,0.1377777800000004
167057,16.55666667,46.07600410026989,0.0844444400000021
167067,16.66666667,46.122398256291895,-0.0177777800000029
167077,16.77222222,46.06137267762414,-0.1333333299999992
167087,16.79111111,45.913451379056724,-0.1644444400000004
167097,16.74,45.768759766328756,-0.1099999999999994
167107,16.68444444,45.67755356734094,-0.0422222199999993
167117,16.61333333,45.678986435848245,0.0255555600000008
167127,16.61111111,45.70295139675025,-0.011111109999998
167137,16.70888889,45.62753989713025,-0.1455555600000018
167147,16.77333333,45.42708948563367,-0.2422222199999986
167157,16.70888889,45.21951777962547,-0.1900000000000012
167167,16.62222222,45.073171918704176,-0.1222222200000011
167177,16.58222222,44.94784539831832,-0.1233333299999976
167187,16.55666667,44.79325381924354,-0.1444444499999981
167197,16.50666667,44.64056531089013,-0.1444444500000017
167207,16.45666667,44.500688831761856,-0.1344444500000001
167217,16.41111111,44.35690143546998,-0.1344444399999993
167227,16.37444444,44.22297317521077,-0.1100000000000029
167237,16.31111111,44.14264756947854,-0.0422222199999993
167247,16.28111111,44.11376294884511,-0.0300000000000011
167257,16.32555556,44.06124807172486,-0.0788888900000017
167267,16.33333333,43.96036871783026,-0.0977777699999968
167277,16.27333333,43.88574467594874,-0.0455555499999995
167287,16.24666667,43.842023798631686,-0.0588888899999986
167297,16.23333333,43.81387136989295,-0.0444444399999994
167307,16.20111111,43.82284745139161,0.0111111100000016
167317,16.18444444,43.908393522940294,0.0655555599999999
167327,16.24111111,43.997237141798465,0.0400000000000027
167337,16.32555556,44.05001117595809,-0.0111111200000024
167347,16.43,44.02609296834528,-0.102222219999998
167357,16.43555556,43.96072630359116,-0.0777777800000016
167367,16.41222222,43.9160689502588,-0.0488888900000006
167377,16.39,43.87787378507305,-0.0300000000000011
167387,16.35888889,43.851801612521584,-0.0044444499999976
167397,16.33,43.86869907286428,0.018888890000003
167407,16.32333333,43.884673784951886,0.0155555599999992
167417,16.32333333,43.904429665020544,0.0199999999999995
167427,16.32111111,43.90563926291654,0.0233333299999998
167437,16.31777778,43.9585826016954,0.0622222199999988
167447,16.35,43.9718809262354,0.0588888899999986
167457,16.41,43.97748487679516,0.0244444399999999
167467,16.43666667,44.032532126144076,0.0477777699999997
167477,16.50333333,44.1660012612979,0.0466666700000004
167487,16.61777778,44.22952334511072,-0.0477777800000005
167497,16.72888889,44.167102430115264,-0.1644444500000013
167507,16.74777778,43.98335097578497,-0.2366666699999982
167517,16.7,43.71029986640941,-0.27888889000000106
167527,16.60555556,43.38998491749855,-0.2722222300000005
167537,16.51777778,43.0803977793545,-0.2733333400000006
167547,16.45222222,42.78714210358483,-0.2455555499999988
167557,16.38111111,42.57044269881722,-0.16777777999999802
167567,16.32,42.44403444234351,-0.0688888900000002
167577,16.32,42.4079252196469,-0.028888890000001
167587,16.31555556,42.400971610378754,0.0166666599999985
167597,16.26777778,42.46823311909998,0.12000000000000098
167607,16.25444444,42.62077865381143,0.1722222299999991
167617,16.34333333,42.733175897224775,0.10444444999999901
167627,16.43666667,42.75510549309223,0.0233333299999998
167637,16.45333333,42.795306148859545,0.0411111099999992
167647,16.47333333,42.86263841022404,0.0544444500000018
167657,16.53333333,42.90268444221462,0.011111109999998
167667,16.56,42.89787074577619,-0.0055555599999976
167677,16.54111111,42.90198244556953,0.0177777799999994
167687,16.52222222,42.896623703085886,0.0255555600000008
167697,16.55555556,42.89465005391078,-0.0144444499999991
167707,16.60333333,42.90143746401863,-0.0533333300000009
167717,16.59777778,42.87123914647511,-0.0377777800000025
167727,16.59888889,42.81439467078562,-0.0500000000000007
167737,16.61,42.749913118872435,-0.0722222200000004
167747,16.60888889,42.650296328813745,-0.0955555600000011
167757,16.56777778,42.56424226887583,-0.0655555599999999
167767,16.55333333,42.50430976991484,-0.0666666599999992
167777,16.55111111,42.41919458378767,-0.0988888900000013
167787,16.56111111,42.27615182305577,-0.1655555500000005
167797,16.55888889,42.064230927317354,-0.2399999999999984
167807,16.49,41.819418752505605,-0.2399999999999984
167817,16.41777778,41.5845240944938,-0.2255555600000001
167827,16.36444444,41.373868627148155,-0.1999999999999993
167837,16.32222222,41.18397295353624,-0.2211111099999989
167847,16.27444444,40.96954782404674,-0.2144444400000011
167857,16.22888889,40.76319179132547,-0.1933333300000015
167867,16.14555556,40.59765594211386,-0.1166666699999972
167877,16.05888889,40.52008663328873,-0.0211111099999996
167887,16.01888889,40.52572573974406,0.0477777800000005
167897,15.99777778,40.56190764680187,0.0788888900000017
167907,15.95666667,40.63656169422839,0.1322222199999991
167917,15.91111111,40.75165228789167,0.1655555600000013
167927,15.84777778,40.91712307986258,0.2122222199999992
167937,15.8,41.12788477058044,0.2411111099999985
167947,15.74777778,41.394669674017116,0.3088888899999986
167957,15.71666667,41.74198037993301,0.4255555500000003
167967,15.68,42.239862379929534,0.5911111099999999
167977,15.75,42.87595728477156,0.6711111099999982
167987,15.90555555,43.518735846108896,0.6122222299999986
167997,16.03222222,44.08780375366848,0.5588888899999986
168007,16.13666667,44.60874217120033,0.5133333299999983
168017,16.15,45.112759163301796,0.5300000000000011
168027,16.20888889,45.6008638376691,0.4788888900000003
168037,16.28111111,46.0105868892741,0.389999999999997
168047,16.35666667,46.33350218782749,0.2955555499999995
168057,16.43444444,46.55973408874395,0.1888888900000012
168067,16.44777778,46.714614594906024,0.1422222200000007
168077,16.48333333,46.82916513943016,0.0788888899999982
168087,16.56444444,46.863484645635396,-0.0122222199999981
168097,16.66888889,46.80396354593691,-0.1266666700000023
168107,16.70888889,46.65222696923601,-0.1811111099999998
168117,16.71666667,46.46126034094843,-0.1844444499999973
168127,16.73,46.263550167180064,-0.1911111100000013
168137,16.71888889,46.06436127110092,-0.1933333299999979
168147,16.68,45.878688768138005,-0.1611111100000002
168157,16.67777778,45.71227832832607,-0.16777777999999802
168167,16.67,45.525977182155174,-0.1788888900000032
168177,16.64,45.35098156785228,-0.1566666699999999
168187,16.62666667,45.181683263232834,-0.1633333399999976
168197,16.59111111,45.03736678187533,-0.1355555499999994
168207,16.59666667,44.8991956880593,-0.1566666699999999
168217,16.58777778,44.76182317062968,-0.1488888899999985
168227,16.58444444,44.621800274839,-0.139999999999997
168237,16.59444444,44.48318469398575,-0.129999999999999
168247,16.58777778,44.344723422758854,-0.1177777800000008
168257,16.58666667,44.19862306120558,-0.1400000000000005
168267,16.58888889,44.02065933355411,-0.1577777799999999
168277,16.53333333,43.85070224648543,-0.1244444400000013
168287,16.47111111,43.723986995461566,-0.0899999999999998
168297,16.48888889,43.626639469354046,-0.1177777799999972
168307,16.46777778,43.52361141984969,-0.1088888899999993
168317,16.43777778,43.432691782212295,-0.0800000000000018
168327,16.40111111,43.38405258479483,-0.0366666699999989
168337,16.38555556,43.36779820120798,-0.0177777799999994
168347,16.44,43.32498296455242,-0.0633333300000025
168357,16.42555556,43.26534238988344,-0.0322222299999985
168367,16.41555556,43.223605405209696,-0.0066666700000013
168377,16.42555556,43.19003585213336,-0.0144444499999991
168387,16.39333333,43.20167722236455,0.0199999999999995
168397,16.40111111,43.19771584395518,0.00111111
168407,16.43888889,43.13609888610153,-0.0500000000000007
168417,16.44888889,43.05068345372512,-0.0544444499999983
168427,16.42,42.98018604829768,-0.0244444400000034
168437,16.40222222,42.965235952638864,-0.0022222200000001
168447,16.39111111,42.92159181953916,-0.0033333300000002
168457,16.38777778,42.88105628724101,-0.0177777799999994
168467,16.39666667,42.84032609707643,-0.0311111099999976
168477,16.39777778,42.77945328172427,-0.0444444499999967
168487,16.39222222,42.710655491323905,-0.0444444399999994
168497,16.38222222,42.623923209000075,-0.0533333299999974
168507,16.31666667,42.5755978166987,0.0033333300000002
168517,16.30111111,42.5311981607139,-0.0166666699999993
168527,16.27111111,42.498118001718346,0.0199999999999995
168537,16.25333333,42.539981420981306,0.1711111099999982
168547,16.27777778,42.77659765417276,0.3755555499999978
168557,16.41,43.64289496164473,1.5199999899999987
168567,17.07444444,45.685105891088256,2.4911111099999985
168577,18.06,48.4926023054649,3.054444440000001
168587,19.18111111,51.61971656056275,3.1577777699999987
168597,20.31888888,54.661048347907496,2.8266666700000016
168607,21.45333333,57.148872802671114,2.06333334
168617,22.62222222,58.808313583173934,1.2044444500000004
168627,23.68333333,59.60732901642581,0.3833333400000001
168637,24.45,59.71862436656024,-0.1555555599999998
168647,24.89333333,59.44530072116868,-0.40777778
168657,24.95,59.07710587492426,-0.3211111100000003
168667,25.01111111,58.81570271568205,-0.2622222200000017
168677,25.08,58.56725591268338,-0.2433333299999986
168687,25.20555556,58.30202685315504,-0.3255555600000015
168697,25.31888889,57.9453482324776,-0.4044444499999997
168707,25.38222222,57.50525084602138,-0.4544444399999996
168717,25.35333333,57.058544023269214,-0.4188888900000016
168727,25.32444444,56.63871118000388,-0.4111111100000002
168737,25.32666667,56.206632480350144,-0.4311111100000033
168747,25.29555556,55.74500924186214,-0.4355555600000009
168757,25.22888889,55.304033697119685,-0.4155555600000014
168767,25.17555556,54.890906851272966,-0.4322222300000007
168777,25.14111111,54.463081591505365,-0.4822222200000006
168787,25.06333333,53.99276305967698,-0.4966666599999989
168797,25.03,53.475462648296975,-0.5566666700000021
168807,24.98222222,52.922166007424536,-0.5700000000000003
168817,24.93777778,52.354827189024284,-0.5477777800000005
168827,24.88222222,51.835137577246996,-0.4966666599999989
168837,24.82777778,51.373701724710216,-0.4177777800000015
168847,24.77333333,50.99598077453614,-0.3366666599999988
168857,24.79555556,50.642733391920785,-0.3466666700000012
168867,24.76555556,50.30577380482508,-0.29111112
168877,24.70444444,50.05779784126075,-0.1855555500000001
168887,24.66888889,49.89174774706442,-0.1522222200000023
168897,24.61777778,49.736466439747325,-0.14888889000000197
168907,24.52666667,49.61271918633329,-0.0988888900000013
168917,24.43,49.53369086592332,-0.0744444400000006
168927,24.37,49.453248188771646,-0.0711111100000003
168937,24.32555556,49.356869092859114,-0.0644444499999998
168947,24.27888889,49.31934575453165,0.011111109999998
168957,24.27,49.34524022551385,0.0511111100000007
168967,24.28222222,49.39571113033023,0.0566666699999984
168977,24.27333333,49.45065483217907,0.0899999999999998
168987,24.19555556,49.56538757211588,0.2011111099999993
168997,24.14333333,49.774533455106194,0.2688888899999995
169007,24.09555556,50.049757694317066,0.3433333300000001
169017,24.03444444,50.4257126970339,0.4722222299999998
169027,24.08444444,50.91114256905103,0.5333333400000022
169037,24.26111111,51.39423801005382,0.4833333299999971
169047,24.43666667,51.803290593894786,0.377777769999998
169057,24.56444444,52.135795207404,0.2966666700000004
169067,24.66,52.414979518353356,0.2411111099999985
169077,24.74666667,52.63159295473504,0.1799999999999997
169087,24.85555556,52.774121371502005,0.083333330000002
169097,24.94444444,52.8197763770205,-0.0133333300000018
169107,25.04111111,52.74453882214402,-0.1244444399999977
169117,25.08111111,52.62907852507296,-0.1811111099999998
169127,25.08,52.440230055790884,-0.2533333299999967
169137,25.09222222,52.16097129247319,-0.3222222200000004
169147,25.02888889,51.86337819084649,-0.2855555600000024
169157,24.97666667,51.600753047129366,-0.2766666700000009
169167,24.96222222,51.33687397242621,-0.27777778000000103
169177,24.92333333,51.093029280592454,-0.2511111100000001
169187,24.97555556,50.80240091833193,-0.37000000000000105
169197,24.97444444,50.370831594520425,-0.4866666600000009
169207,24.89888889,49.866699232499506,-0.5166666699999993
169217,24.82333333,49.29304688997674,-0.7811111000000004
169227,24.69333334,48.16346473804711,-1.5733333300000003
169237,24.11333334,46.31428568477192,-2.0977777800000013
169247,23.14111112,44.315998753699986,-1.7655555600000028
169257,21.87444445,43.026765361146715,-0.8477777799999977
169267,20.87,42.64280042366596,-0.0022222200000001
169277,20.26222222,42.946644395010146,0.4755555599999965
169287,20.07888889,43.49006457074172,0.4699999999999988
169297,20.08777778,43.80416102549265,0.1600000000000001
169307,19.91777778,43.832043656525926,-0.082222220000002
169317,19.54888889,43.63007560235934,-0.2977777800000005
169327,18.98333334,43.30976712452329,-0.3244444500000014
169337,18.44666667,42.95547411218684,-0.3855555600000002
169347,17.80777778,42.568428055502615,-0.3466666699999976
169357,17.15222223,42.24422076567836,-0.2222222299999998
169367,16.52333334,42.197810622312495,0.2166666599999978
169377,16.06444445,42.59736215945526,0.5688888799999994
169387,16.03222222,43.16128147243373,0.5611111099999988
169397,16.03777778,43.677687850679455,0.5366666600000016
169407,16.07888889,44.16686241692918,0.4755555499999992
169417,16.19333333,44.55126057360637,0.3433333399999974
169427,16.31222222,44.798933822365456,0.2000000000000028
169437,16.35666667,44.94522532901836,0.1577777699999991
169447,16.37333333,45.07224694465764,0.129999999999999
169457,16.40111111,45.16813060631071,0.0899999999999998
169467,16.46555556,45.20144651534258,0.0211111100000032
169477,16.45555556,45.185148246954476,-0.0022222300000009
169487,16.43888889,45.15342515686594,-0.0122222200000017
169497,16.42222222,45.103658138895426,-0.0122222199999981
169507,16.39777778,45.05595273290635,-0.0033333399999975
169517,16.37888889,45.02633930084207,0.0122222200000017
169527,16.34,45.0392951676626,0.0466666700000004
169537,16.34777778,45.05819215559761,0.011111109999998
169547,16.38888889,45.024261822884796,-0.0477777800000005
169557,16.40222222,44.962098749487886,-0.0666666599999992
169567,16.38555556,44.91393319881816,-0.0344444499999987
169577,16.38111111,44.86235678332443,-0.0299999999999975
169587,16.35555556,44.799901871912304,-0.0066666699999977
169597,16.35888889,44.74633438347374,-0.0199999999999995
169607,16.36555556,44.66780310345143,-0.0466666700000004
169617,16.35888889,44.57384942170336,-0.0511111100000007
169627,16.31444444,44.50930618126952,0.0011111200000009
169637,16.30444444,44.48750322637881,0.0
169647,16.29333333,44.44219678379638,-0.0077777700000005
169657,16.29666667,44.382435198675566,-0.038888889999998996
169667,16.25777778,44.29261209756598,-0.0522222200000008
169677,16.20888889,44.220495640880095,-0.0366666700000024
169687,16.17666667,44.169102544074384,-0.0322222299999985
169697,16.11222222,44.13483294763387,0.0199999999999995
169707,16.06888889,44.17382912442591,0.09222222
169717,16.05,44.286165233421706,0.1522222199999987
169727,16.09333333,44.429545933936005,0.1477777799999984
169737,16.20555555,44.51466541908678,0.0933333400000009
169747,16.24777778,44.54671109163597,0.1033333300000016
169757,16.24777778,44.6447051228908,0.1777777799999995
169767,16.32111111,44.80893732364643,0.1877777800000011
169777,16.44222222,44.988266404583385,0.1322222199999991
169787,16.54333333,45.049169092445204,0.0300000000000011
169797,16.65666667,44.98917386213278,-0.1000000000000014
169807,16.71555556,44.8208406142322,-0.1866666699999974
169817,16.64111111,44.65408596620805,-0.129999999999999
169827,16.56666667,44.57190229670478,-0.0988888900000013
169837,16.49666667,44.47464199909669,-0.0422222300000001
169847,16.45333333,44.458557301982644,0.0522222300000017
169857,16.42555556,44.423818617386225,-0.0366666699999989
169867,16.50888889,44.308153836242354,-0.1400000000000005
169877,16.52,44.08701720660162,-0.1655555599999978
169887,16.35,44.05978268959721,0.0122222199999981
169897,16.36888889,44.116321154135115,-0.0066666700000013
169907,16.41444444,44.1162676262632,-0.0911111099999999
169917,16.41333333,44.02913021487825,-0.1333333299999992
169927,16.35444445,43.92677057855438,-0.0811111199999992
169937,16.28222222,43.89875808741881,0.0044444499999976
169947,16.22777778,43.95144753985751,0.102222219999998
169957,16.20555556,44.11717272404816,0.2333333300000006
169967,16.29444444,44.44184456490871,0.4044444499999997
169977,16.44555555,44.81738486872537,0.5544444499999983
169987,16.71555555,45.37334249838771,0.5899999999999999
169997,17.13777778,46.1033448752026,0.9166666600000006
170007,17.66333333,47.28915088785053,1.4299999999999995
170017,18.43666666,48.924056996038104,1.7833333300000014
170027,19.47666666,50.68959334306577,1.6888888900000012
170037,20.61444444,52.18143710262365,1.2844444400000017
170047,21.67111111,53.20651783210514,0.7711111100000032
170057,22.56222222,53.75348333631199,0.3522222200000016
170067,23.24111111,53.93917147503072,0.0200000000000031
170077,23.67666666,53.864390586391856,-0.129999999999999
170087,23.78333333,53.79094997979568,-0.0044444400000003
170097,23.78777778,53.90950135387887,0.1866666600000002
170107,23.85,54.178413716417644,0.3022222199999973
170117,23.91333333,54.53699337070573,0.3922222200000007
170127,23.99444444,54.9502980609056,0.47444445
170137,24.04111111,55.44514482981863,0.5955555600000011
170147,24.19111111,56.00744881671301,0.5577777799999986
170157,24.38111111,56.498813389508044,0.4455555600000025
170167,24.56666667,56.86194516568376,0.3211111100000003
170177,24.63333333,57.1391795599033,0.2855555600000024
170187,24.66222222,57.44468739984464,0.2855555599999988
170197,24.71333333,57.72301732071307,0.23444444999999803
170207,24.74888889,57.943863729789975,0.1811111099999998
170217,24.76,58.11143115876789,0.1377777799999968
170227,24.83111111,58.19397001348379,0.0366666700000024
170237,24.91,58.151700109628756,-0.1066666699999991
170247,24.97777778,57.945328028562564,-0.2577777800000014
170257,24.94777778,57.65272195102303,-0.3200000000000003
170267,24.87111111,57.328326893000536,-0.3244444400000006
170277,24.81111111,57.001570972214786,-0.3111111099999988
170287,24.75555556,56.67682080008325,-0.2966666700000004
170297,24.76888889,56.34347015751918,-0.3377777799999997
170307,24.74222222,56.0161525501232,-0.3033333299999974
170317,24.69444444,55.7597878026925,-0.2466666600000024
170327,24.67888889,55.567064138683904,-0.2100000000000008
170337,24.65777778,55.39487181878045,-0.1877777800000011
170347,24.60888889,55.2491903159173,-0.1488888899999985
170357,24.55777778,55.14708052243471,-0.1077777799999992
170367,24.49888889,55.13277820905946,-0.0366666699999989
170377,24.44777778,55.177030645835714,0.0433333299999993
170387,24.41555556,55.27504563341685,0.0899999999999998
170397,24.37666667,55.4271965895932,0.1511111100000022
170407,24.38333333,55.639163539110136,0.2077777800000007
170417,24.41444444,55.90882472967226,0.2366666699999982
170427,24.48333333,56.172024224451796,0.2333333399999979
170437,24.57888889,56.34904049436668,0.1711111099999982
170447,24.66,56.48576282458117,0.0966666700000011
170457,24.72888889,56.5301546687495,-0.0155555599999992
170467,24.75444444,56.46532853140275,-0.1622222200000003
170477,24.64,56.33001930681765,-0.1388888900000005
170487,24.51333333,56.19414874711255,-0.1266666599999979
170497,24.47444444,55.93238835933137,-0.3755555499999978
170507,24.39222222,55.32000882351586,-0.77555555
170517,23.98888889,54.405510449482854,-0.9611111099999974
170527,23.31666667,53.39953914964799,-1.0188888899999995
170537,22.63666667,52.25936664625692,-1.2166666600000011
170547,21.84111112,50.90501664865101,-1.3611111099999995
170557,20.90333334,49.490312647645766,-1.4388888900000012
170567,19.85444445,48.01391949885414,-1.4844444400000008
170577,18.67777779,46.61524548330762,-1.282222230000002
170587,17.56555556,45.58513127955882,-0.7699999999999996
170597,16.65333334,45.157890953030865,-0.0822222299999992
170607,16.2,45.27048419689146,0.2511111100000001
170617,16.25,45.41281564273966,0.1022222200000015
170627,16.24888889,45.443178241117536,0.0444444399999994
170637,16.30111111,45.39629658381594,-0.0633333300000025
170647,16.43222222,45.209714266168355,-0.2211111099999989
170657,16.45888889,44.92477919176356,-0.2522222200000001
170667,16.39888889,44.67725096239442,-0.2022222199999994
170677,16.33,44.48599751725442,-0.1488888899999985
170687,16.28111111,44.33558061664665,-0.1177777800000008
170697,16.26,44.21032856714493,-0.12000000000000098
170707,16.25111111,44.060687896374816,-0.1344444399999993
170717,16.24,43.90654438099181,-0.1533333299999988
170727,16.22888889,43.73405519156563,-0.1666666700000014
170737,16.21,43.56597804632891,-0.15888889
170747,16.17444444,43.40984993861068,-0.1422222199999971
170757,16.12,43.29827786951816,-0.0800000000000018
170767,16.07555556,43.249002836199075,-0.0444444500000003
170777,16.03888889,43.21913239132397,-0.0177777799999994
170787,16.03777778,43.220114101564725,-0.0077777799999978
170797,16.00222222,43.21975911502573,0.0211111099999996
170807,15.95666667,43.21830218276632,0.0199999999999995
170817,15.93111111,43.26892416204815,0.0800000000000018
170827,15.88,43.382322362891216,0.1477777800000002
170837,15.83222222,43.55241508009644,0.200000000000001
170847,15.82444444,43.75190003135918,0.2122222299999983
170857,15.83111111,43.964843533599336,0.2433333300000004
170867,15.84444444,44.223818423164644,0.3255555600000015
170877,15.84,44.59934522147285,0.4566666700000006
170887,15.92222222,45.06338798263614,0.5055555599999995
170897,16.06333333,45.527319982522,0.4555555600000005
170907,16.16555555,45.947127724534425,0.4233333399999992
170917,16.29888889,46.321184613308446,0.3399999999999998
170927,16.44666667,46.57547909120859,0.2233333300000026
170937,16.46666667,46.7643024944346,0.2088888900000007
170947,16.46111111,46.96812746163503,0.2077777800000007
170957,16.49888889,47.14154330958881,0.1611111100000002
170967,16.56555556,47.24591210937753,0.0633333299999989
170977,16.62,47.259710686159636,-0.0188888899999994
170987,16.65777778,47.20342235814528,-0.0688888900000002
170997,16.65777778,47.14635644112366,-0.0766666700000016
171007,16.74444444,47.03458966392368,-0.1699999999999981
171017,16.85333333,46.792386807549384,-0.2911111100000028
171027,16.84222222,46.4740852355668,-0.3011111100000008
171037,16.79111111,46.17799306844701,-0.2555555500000004
171047,16.73555556,45.928869004909856,-0.2055555600000005
171057,16.67555556,45.725394051608454,-0.1488888899999985
171067,16.62555556,45.57019700791243,-0.1166666699999972
171077,16.58333333,45.446794875595764,-0.0888888899999997
171087,16.58333333,45.3419606638908,-0.0944444400000001
171097,16.6,45.22559147333315,-0.1222222200000011
171107,16.62333333,45.06920228553216,-0.1555555500000025
171117,16.62555556,44.886737942246505,-0.1699999999999981
171127,16.61444444,44.690991251343114,-0.1744444399999984
171137,16.59666667,44.501094122671375,-0.1522222299999995
171147,16.56333333,44.357315004158146,-0.1055555499999982
171157,16.56777778,44.22154390840103,-0.1188888900000009
171167,16.57666667,44.05768638510038,-0.1444444500000017
171177,16.54111111,43.89106199162217,-0.1222222199999976
171187,16.48,43.76380468258053,-0.0733333300000005
171197,16.45111111,43.69728716806051,-0.0511111100000007
171207,16.47444444,43.642640527236274,-0.0811111099999983
171217,16.47666667,43.56689537368944,-0.1022222299999988
171227,16.48555556,43.447628279930896,-0.1166666700000007
171237,16.45333333,43.313501174090966,-0.0999999999999978
171247,16.40666667,43.20608454139336,-0.0566666699999984
171257,16.42666667,43.10758365421569,-0.0777777799999981
171267,16.43777778,42.99596299481057,-0.0844444499999994
171277,16.41333333,42.926829507097395,-0.0444444399999994
171287,16.43222222,42.92284205121965,-0.0433333299999993
171297,16.46222222,42.888082851792795,-0.0577777800000021
171307,16.45888889,42.81153339753979,-0.0588888900000021
171317,16.45,42.726252741594145,-0.0655555599999999
171327,16.42111111,42.6736152715488,-0.0477777799999969
171337,16.41444444,42.631147327552384,-0.0611111099999988
171347,16.42,42.562266909302025,-0.0600000000000022
171357,16.39222222,42.49042969099705,-0.028888890000001
171367,16.36444444,42.46037611312677,0.0066666700000013
171377,16.37,42.46896466678774,0.0166666699999993
171387,16.39777778,42.471431675721824,-0.011111109999998
171397,16.43111111,42.45035664674893,-0.0477777800000005
171407,16.44222222,42.36790451670908,-0.0577777800000021
171417,16.41333333,42.271578452256776,-0.0511111100000007
171427,16.35666667,42.27442346190661,0.0122222200000017
171437,16.28888889,42.38729518833864,0.2311111100000005
171447,16.31555555,42.75021552485221,0.5333333400000022
171457,16.49777778,43.39496296178051,0.7688888799999987
171467,16.93555555,44.194143095358285,0.9733333299999992
171477,17.48111111,45.33997325577862,1.3788888799999979
171487,18.21444444,46.90219564705511,1.7566666600000005
171497,19.15555555,48.762708645222645,1.8755555500000007
171507,20.26333332,50.50926555662856,1.5822222299999993
171517,21.38888888,51.83620407510338,1.0688888900000002
171527,22.4111111,52.673604195772285,0.5822222299999993
171537,23.21555555,53.103185951054,0.2477777799999998
171547,23.82666666,53.21844179251453,-0.0155555500000019
171557,24.22444444,53.15442014941879,-0.0844444399999986
171567,24.40222222,53.09348987006237,-0.0244444399999999
171577,24.54444444,53.08326176328104,0.0066666700000013
171587,24.59444444,53.115056621490574,0.0866666699999996
171597,24.65888889,53.208102444026956,0.1177777800000008
171607,24.77777778,53.28889208571252,0.0533333299999974
171617,24.86,53.30569219785193,0.00111111
171627,24.86666667,53.312145797130356,0.0177777699999985
171637,24.86111111,53.34764278618982,0.0255555600000008
171647,24.90777778,53.34981401345328,-0.0399999999999991
171657,25.02,53.23446759791401,-0.2011111099999993
171667,25.10666667,52.996236115898064,-0.3155555599999999
171677,25.15888889,52.63010916706463,-0.4277777799999995
171687,25.11888889,52.201357829474745,-0.4377777800000011
171697,25.01666667,51.787634825591745,-0.40888889
171707,24.96333333,51.38031402613491,-0.4299999999999997
171717,24.91666667,50.94717132755309,-0.4477777800000027
171727,24.88222222,50.50222108720713,-0.4499999999999993
171737,24.84,50.0738392744261,-0.4111111100000002
171747,24.81333333,49.6792911586481,-0.3766666599999979
171757,24.77222222,49.35493882975123,-0.3022222200000009
171767,24.73777778,49.11261103334245,-0.2399999999999984
171777,24.71222222,48.90434687623746,-0.1822222199999998
171787,24.65333333,48.754222605311874,-0.0877777699999988
171797,24.62,48.67404105111801,-0.0633333300000025
171807,24.58111111,48.592491318818944,-0.0933333300000001
171817,24.49555556,48.506268045658366,-0.0655555599999999
171827,24.39777778,48.454691857192365,-0.0322222199999977
171837,24.33888889,48.43346776329069,-0.0222222199999997
171847,24.29888889,48.4128914909828,-0.0088888900000014
171857,24.25888889,48.418329804798496,0.0255555499999999
171867,24.25222222,48.45093506221573,0.0322222200000013
171877,24.24555556,48.48138226251089,0.0477777699999997
171887,24.20444444,48.545159626350404,0.1155555600000006
171897,24.15444445,48.67574052037733,0.1955555500000017
171907,24.10444444,48.87136087850057,0.2677777799999994
171917,24.06777778,49.14192841717947,0.3322222199999984
171927,24.01111111,49.51051158969858,0.4511111099999993
171937,24.06333333,50.00142479908529,0.5244444500000007
171947,24.20444444,50.511072072979886,0.5144444499999992
171957,24.36222222,50.98104963455688,0.4677777799999987
171967,24.48444444,51.415412537093744,0.4166666699999979
171977,24.59555556,51.77757184647426,0.3333333299999985
171987,24.68444444,52.066957001025784,0.2688888899999995
171997,24.78555555,52.28403567759075,0.1766666699999994
172007,24.88666667,52.39121547266494,0.0566666600000012
172017,24.96666667,52.38574228083797,-0.0399999999999991
172027,25.02333333,52.33491480881942,-0.0766666600000007
172037,25.02888889,52.22207998236078,-0.1577777799999999
172047,25.11,51.9920783444536,-0.3099999999999987
172057,25.06888889,51.660902545233746,-0.3099999999999987
172067,24.97,51.362128944406955,-0.259999999999998
172077,24.95,51.075691829215145,-0.2744444399999999
172087,24.91222222,50.81218879352407,-0.2433333299999986
172097,24.89111111,50.54561645509426,-0.2955555499999995
172107,24.92888889,50.165748859790774,-0.4533333299999995
172117,24.86333333,49.705563347816344,-0.4933333299999987
172127,24.78111111,49.240636405858076,-0.4866666600000009
172137,24.72222222,48.78019495779222,-0.4788888900000003
172147,24.67111111,48.30892760619128,-0.4899999999999984
172157,24.55666667,47.86645591162417,-0.40888889
172167,24.42111111,47.522295133540965,-0.2988888899999971
172177,24.29222222,47.29872594981549,-0.1711111099999982
172187,24.21555556,47.18461492537853,-0.0588888899999986
172197,24.2,47.181640530665376,0.0300000000000011
172207,24.20777778,47.21529509750887,0.0122222199999981
172217,24.17444445,47.10065974067055,-0.2533333300000002
172227,24.03,46.625247080641,-0.61777777
172237,23.54333334,45.84905845770706,-0.7944444399999995
172247,22.86111112,44.96311074001602,-0.8733333300000012
172257,22.12777779,43.98139367363102,-1.038888889999999
172267,21.25666668,42.89724112771154,-1.0855555599999995
172277,20.21000001,41.880842080465456,-0.9422222200000014
172287,19.12222223,41.02211851302178,-0.7588888899999979
172297,18.12777779,40.354744444619115,-0.6000000000000014
172307,17.1488889,39.907819608139036,-0.262222229999999
172317,16.27777779,39.94303538782425,0.3611111000000022
172327,15.77111111,40.54041065431037,0.7622222200000017
172337,15.78111111,41.24238138472178,0.6533333400000014
172347,15.79444444,41.82332077105009,0.5455555600000004
172357,15.88555555,42.275875921340095,0.3844444500000001
172367,15.98555555,42.58434942891893,0.2377777799999982
172377,16.07555556,42.740794162064155,0.1288888799999981
172387,16.07444445,42.822741179978756,0.1222222199999976
172397,16.05666667,42.91482340044641,0.1300000000000025
172407,16.09666667,43.01289277897126,0.0988888899999977
172417,16.12444444,43.07864064608083,0.0700000000000002
172427,16.15111111,43.13407477293857,0.0766666700000016
172437,16.2,43.19555848150345,0.0655555599999999
172447,16.23888889,43.235777630699864,0.0611111100000023
172457,16.29666667,43.24203702726325,0.011111109999998
172467,16.30222222,43.215420643395994,0.009999999999998002
172477,16.30333333,43.19826412747569,0.0199999999999995
172487,16.29888889,43.16511047662752,0.0155555499999984
172497,16.27888889,43.14542053762867,0.0244444399999999
172507,16.27555556,43.16058740253556,0.0488888799999998
172517,16.26333333,43.21303031181591,0.06666667
172527,16.27,43.24074125071991,0.0222222199999997
172537,16.29,43.2093195572497,-0.0477777800000005
172547,16.26888889,43.119193375180146,-0.0788888899999982
172557,16.19555556,43.0518044538064,-0.0288888899999975
172567,16.15333333,43.00239704738689,-0.0288888899999975
172577,16.08888889,42.98823548267181,0.0266666700000008
172587,16.04111111,43.07806814625437,0.0977777800000012
172597,16.01,43.22379397098727,0.1600000000000001
172607,16.01666667,43.40029316056267,0.1777777700000022
172617,16.08,43.5395378145313,0.1544444400000024
172627,16.09111111,43.68116195080057,0.2066666700000006
172637,16.12888889,43.88687512552147,0.2433333300000022
172647,16.24111111,44.14237410088703,0.2333333300000006
172657,16.36444444,44.33266567592784,0.1755555599999994
172667,16.46777778,44.415866246961315,0.082222220000002
172677,16.54444444,44.46187011130458,0.0255555600000008
172687,16.61888889,44.488589499127215,-0.0144444499999991
172697,16.66111111,44.4313196023052,-0.0588888899999986
172707,16.61111111,44.3509077720242,-0.0611111099999988
172717,16.57333333,44.249574177892285,-0.0744444400000006
172727,16.53444445,44.20987584690977,0.016666660000002
172737,16.46111111,44.178441416564226,-0.0600000000000022
172747,16.53222222,44.06368776685387,-0.1711111100000018
172757,16.54555556,43.83747422070167,-0.1833333400000008
172767,16.34888889,43.78615612198345,0.0322222199999977
172777,16.36666667,43.82661830527718,-0.0144444499999991
172787,16.35666667,43.78938643545629,-0.0577777799999985
172797,16.32444445,43.707742767584975,-0.0633333399999998
172807,16.29,43.64488102875055,-0.0544444399999974
172817,16.23,43.611988658953685,0.0077777799999978
172827,16.19444444,43.655124793866946,0.0799999999999983
172837,16.17777778,43.753523312560255,0.1444444400000009
172847,16.2,43.890567613812465,0.18444444
172857,16.30888889,44.08261756059808,0.2677777700000021
172867,16.42777778,44.402954721687934,0.4144444400000004
172877,16.56777778,44.86575718285037,0.5344444400000015
172887,16.87444444,45.42349000530685,0.6122222199999996
172897,17.35333333,46.158818876610134,0.9088888799999992
172907,17.8511111,47.33364991267659,1.4477777799999991
172917,18.701111100000002,48.9777098185286,1.7166666700000022
172927,19.73555554,50.687908306717176,1.605555559999999
172937,20.85666666,52.12321057639396,1.2100000000000009
172947,21.89777777,53.075689888777504,0.6699999999999982
172957,22.73777777,53.545432008870456,0.2722222300000005
172967,23.29888888,53.680195986783026,0.0488888900000006
172977,23.61222222,53.699790327354975,0.0166666699999993
172987,23.78111111,53.749119661357966,0.0866666699999996
172997,23.79555556,53.919223986617276,0.2577777700000006
173007,23.87,54.23292779180036,0.3633333299999997
173017,23.94333333,54.644531758337756,0.4877777799999983
173027,24.04222222,55.152631526568975,0.537777779999999
173037,24.23888889,55.65836969688654,0.4744444400000027
173047,24.43555555,56.07162333915048,0.3622222300000004
173057,24.49111111,56.42323246577159,0.3788888900000025
173067,24.51111111,56.80036197381109,0.3966666699999983
173077,24.59888889,57.15255796678189,0.3211111100000003
173087,24.70222222,57.44482755695015,0.2588888900000015
173097,24.75888889,57.66390733046124,0.1788888899999996
173107,24.79,57.80186131103424,0.1099999999999994
173117,24.81666667,57.88684286610664,0.0322222200000013
173127,24.9,57.85244500322254,-0.1211111099999975
173137,24.96777778,57.6699874901416,-0.259999999999998
173147,24.92,57.39843543133311,-0.3088888900000022
173157,24.86777778,57.09128772019842,-0.3233333300000005
173167,24.79444445,56.778968617660205,-0.2966666700000004
173177,24.75888889,56.489368447401006,-0.2911111100000028
173187,24.74,56.21098088098579,-0.2644444399999983
173197,24.70222222,55.965875953321174,-0.2266666599999993
173207,24.67111111,55.771209984834854,-0.1933333299999979
173217,24.63444444,55.586232272765464,-0.1677777700000007
173227,24.58111111,55.417931904860836,-0.1366666699999967
173237,24.52555556,55.29409123277016,-0.1022222300000024
173247,24.46222222,55.26217233213025,-0.0255555499999999
173257,24.41222222,55.32400401552246,0.0488888900000006
173267,24.38,55.45584223361902,0.1077777799999992
173277,24.34333333,55.61351657193869,0.1577777799999999
173287,24.32555555,55.8199870557996,0.2044444500000004
173297,24.36222222,56.039244109340935,0.2233333299999991
173307,24.39888889,56.28715557419773,0.2488888899999999
173317,24.48555555,56.51145478453908,0.2166666699999986
173327,24.57333333,56.67629043404843,0.1899999999999977
173337,24.64111111,56.89089366088653,0.1155555600000006
173347,24.74222222,56.867713226478564,-0.1044444399999982
173357,24.80111111,56.69707838217422,-0.27777778000000103
173367,24.69777778,56.39528564322151,-0.3377777799999997
173377,24.59555556,55.97346158861498,-0.5822222200000021
173387,24.40333334,55.20523468616418,-0.90777778
173397,23.88444445,54.23531775116418,-1.0022222200000002
173407,23.27222223,53.166572907490796,-1.129999999999999
173417,22.50666668,51.93421867861292,-1.2655555599999992
173427,21.66333334,50.62691079545971,-1.3733333300000012
173437,20.69777779,49.265656461439974,-1.3566666699999992
173447,19.70333334,47.92034931185515,-1.3544444400000015
173457,18.69777779,46.63660661153156,-1.277777780000001
173467,17.63555557,45.5907015720511,-0.8488889000000022
173477,16.7288889,45.12429402542287,-0.1733333400000027
173487,16.21777778,45.17012596439071,0.2055555499999997
173497,16.19111111,45.3736218117695,0.1288888899999989
173507,16.20333333,45.45804856697339,0.0611111199999996
173517,16.24666667,45.4948451373789,-0.0244444500000007
173527,16.34333333,45.41220470495189,-0.146666660000001
173537,16.40666667,45.20899766228365,-0.2177777799999987
173547,16.38444445,44.97327308231249,-0.2033333400000003
173557,16.32777778,44.771043531401936,-0.1555555600000033
173567,16.29888889,44.634196025704355,-0.1188888900000009
173577,16.3,44.5326660781033,-0.1088888899999993
173587,16.34111111,44.42071403854239,-0.1600000000000001
173597,16.36555556,44.22929308602637,-0.2277777800000002
173607,16.35666667,43.976263994023896,-0.2722222199999997
173617,16.30888889,43.71907803970095,-0.2466666699999997
173627,16.25444444,43.50780146696386,-0.21222222000000102
173637,16.21777778,43.3153607944464,-0.1866666699999974
173647,16.18222222,43.150690118062656,-0.1444444400000009
173657,16.14111111,43.023124976099936,-0.0977777800000012
173667,16.09666667,42.946888479439465,-0.0400000000000027
173677,16.05333333,42.92534895796496,0.0177777799999994
173687,16.00444444,42.966045188546865,0.0811111199999992
173697,15.98333333,43.02217028282958,0.0566666699999984
173707,15.97666667,43.040732244731856,0.0477777699999997
173717,15.96666667,43.07519050489019,0.067777770000001
173727,15.91333333,43.143047045269356,0.121111110000001
173737,15.85888889,43.261765921693275,0.17444444000000198
173747,15.8,43.46410250913949,0.27888889000000106
173757,15.77444444,43.78624984782003,0.3977777799999984
173767,15.81666667,44.223177269675524,0.4811111100000005
173777,15.92666666,44.72236512603689,0.515555560000001
173787,16.07888889,45.2093425871128,0.4599999999999973
173797,16.19666666,45.64343798191682,0.417777779999998
173807,16.31,46.02092814477302,0.3500000000000014
173817,16.35444444,46.33824805854374,0.3255555599999979
173827,16.38971971,46.6279860633092,0.2902802899999983
173837,16.45222222,46.84770705534954,0.1977777799999991
173847,16.51222222,46.983728072144004,0.1177777799999972
173857,16.55888889,47.05558571856629,0.0511111100000007
173867,16.56444444,47.092115213135926,0.0144444500000027
173877,16.64111111,47.06463981460308,-0.0811111100000019
173887,16.73888889,46.938033244102755,-0.1766666699999994
173897,16.78111111,46.7363184272281,-0.2177777800000022
173907,16.76,46.51344710544876,-0.2044444400000031
173917,16.73555556,46.295584244493256,-0.1911111200000022
173927,16.69333333,46.1101607447345,-0.1544444400000024
173937,16.64777778,45.97109861929694,-0.1166666699999972
173947,16.62444445,45.86525634376035,-0.0944444499999974
173957,16.62444444,45.76904491971526,-0.1066666600000019
173967,16.61777778,45.648033211941005,-0.1188888900000009
173977,16.63555556,45.50308873594226,-0.1499999999999985
173987,16.59777778,45.35138826276065,-0.1322222200000027
173997,16.58666667,45.218545237575036,-0.1277777799999988
174007,16.59,45.08208863073014,-0.1311111099999991
174017,16.56222222,44.95848319375089,-0.1011111099999979
174027,16.57111111,44.85666857769,-0.1033333300000016
174037,16.62111111,44.73444447345987,-0.14888889000000197
174047,16.64444444,44.54811964369433,-0.1866666600000002
174057,16.66333333,44.3364430119535,-0.2233333299999991
174067,16.64111111,44.09467407200648,-0.2111111100000009
174077,16.56333333,43.88933163536654,-0.1455555499999974
174087,16.49777778,43.744680384851634,-0.0966666700000011
174097,16.49111111,43.63925486617097,-0.0999999999999978
174107,16.45777778,43.54753197783529,-0.0611111100000023
174117,16.44333333,43.478153633060636,-0.0477777700000032
174127,16.44111111,43.41041395879701,-0.0488888900000006
174137,16.48888889,43.30056865627093,-0.1066666699999991
174147,16.48333333,43.18578544524682,-0.1055555500000018
174157,16.46,43.0929807599331,-0.0766666700000016
174167,16.41333333,43.019146795105016,-0.0311111100000012
174177,16.39888889,43.021132575850075,-0.0166666699999993
174187,16.4,43.013062558555525,-0.009999999999998002
174197,16.41555556,42.99499803083268,-0.0266666700000008
174207,16.39111111,42.97299856338039,0.0077777799999978
174217,16.40555556,42.92373405540499,-0.0211111200000004
174227,16.41111111,42.853735282665966,-0.0422222199999993
174237,16.42666667,42.7793444473448,-0.0633333399999998
174247,16.41888889,42.72491256735681,-0.0600000000000022
174257,16.41666667,42.68757452391779,-0.056666670000002
174267,16.40666667,42.65370378843997,-0.0366666699999989
174277,16.39,42.635477903443864,-0.0166666699999993
174287,16.36777778,42.63837776966477,0.0055555500000004
174297,16.38333333,42.6392119838216,-0.0199999999999995
174307,16.41777778,42.58018611920185,-0.0766666700000016
174317,16.41555556,42.475763205696246,-0.0555555600000019
174327,16.34,42.544765690972014,0.2088888799999999
174337,16.33,42.95748478556635,0.6044444400000017
174347,16.54444444,43.68713358815529,0.8177777800000001
174357,16.98555555,44.572153818387505,1.0711111100000004
174367,17.57777777,45.84694094947727,1.4855555500000008
174377,18.34888888,47.52011626345855,1.7933333299999994
174387,19.37222221,49.31739927617755,1.7344444499999978
174397,20.47666665,50.89097244098491,1.3922222300000016
174407,21.51222221,52.04044887523789,0.9344444500000008
174417,22.47777777,52.7481149573956,0.4922222200000021
174427,23.24999999,53.08297813597791,0.1900000000000012
174437,23.78333333,53.165001416211396,0.0166666699999993
174447,24.15777777,53.14789854957036,-0.0333333299999978
174457,24.42777777,53.08976587877311,-0.07444443999999702
174467,24.62,52.9938786937495,-0.0888888899999997
174477,24.69111111,52.928374648050095,-0.0177777800000029
174487,24.73777778,52.945176410722894,0.0311111100000012
174497,24.82333333,52.977297626349106,0.0044444500000011
174507,24.85555556,53.002884641464156,0.016666660000002
174517,24.88777778,53.028619569875325,0.0044444400000003
174527,24.90222222,53.054063834543584,0.00111111
174537,24.93555556,53.054940777049396,-0.0388888900000026
174547,24.99555555,52.98587060277165,-0.1366666599999995
174557,25.07666667,52.79277479124035,-0.2566666700000013
174567,25.15888889,52.46492912718215,-0.3988888899999985
174577,25.14333334,52.04400710057696,-0.4588888900000007
174587,25.05,51.61196935565239,-0.4388888900000012
174597,25.00111111,51.17839339483017,-0.4588888900000007
174607,24.95444444,50.6943725853651,-0.4811111100000005
174617,24.93222222,50.18097886468277,-0.5022222200000002
174627,24.86222222,49.69790140655239,-0.444444439999998
174637,24.79666667,49.278166231187114,-0.3644444500000006
174647,24.72444445,48.95804947208738,-0.2600000099999988
174657,24.74,48.68244457662594,-0.2522222200000001
174667,24.73555556,48.41856664060874,-0.2155555600000021
174677,24.67333333,48.2392705374416,-0.1144444399999997
174687,24.63,48.123859592800855,-0.0799999999999983
174697,24.57888889,48.01901501339107,-0.085555560000003
174707,24.49111111,47.930478193094366,-0.0499999999999971
174717,24.40777778,47.86072671147507,-0.0399999999999991
174727,24.35555556,47.79709602318381,-0.0377777799999989
174737,24.30888889,47.744614424051285,-0.0222222199999997
174747,24.27555556,47.72107707749819,0.011111109999998
174757,24.27222222,47.754700165578576,0.0355555599999988
174767,24.26333333,47.83177885853695,0.0633333400000033
174777,24.27,47.91923848203355,0.0866666699999996
174787,24.22666667,48.047125715024,0.1722222199999983
174797,24.16444445,48.24210846953226,0.2644444399999983
174807,24.11444445,48.514236478332656,0.3388888799999989
174817,24.06222222,48.89220885309041,0.4555555600000005
174827,24.06777778,49.391101538171434,0.5422222199999993
174837,24.21111111,49.91026695843702,0.5155555499999984
174847,24.37222222,50.36769151819925,0.4344444499999973
174857,24.49333333,50.766423179495604,0.3800000000000025
174867,24.61,51.09637799834906,0.3055555600000019
174877,24.69666667,51.34914543801254,0.24000000000000196
174887,24.82,51.514357036628205,0.1188888900000009
174897,24.91111111,51.58111489300612,0.0199999999999995
174907,24.99666667,51.55391510595354,-0.0677777800000001
174917,25.01666667,51.52102946303953,-0.0700000000000002
174927,25.02777778,51.44691306063612,-0.1266666700000023
174937,25.11444444,51.247498751498355,-0.3033333300000009
174947,25.09777778,50.9273305625349,-0.3399999999999998
174957,25.00888889,50.62012750614722,-0.2900000000000027
174967,24.93111111,50.347539384567746,-0.25
174977,24.88888889,50.112584014854185,-0.2244444399999992
174987,24.88333333,49.87295757925003,-0.2777777700000001
174997,24.86444445,49.55367319109804,-0.3755555600000022
175007,24.80111111,49.16247376782788,-0.4122222200000003
175017,24.71888889,48.76105920506962,-0.3999999999999986
175027,24.67,48.374005939709164,-0.4100000000000001
175037,24.63666667,47.94808260200318,-0.4355555600000009
175047,24.53777778,47.53457957198717,-0.3677777799999973
175057,24.43444445,47.19798325381689,-0.3044444500000018
175067,24.31,46.92310888482436,-0.3288888899999982
175077,24.21777778,46.501951467035504,-0.6244444399999978
175087,23.89000001,45.79856058876209,-0.8566666700000027
175097,23.32222223,44.9256439295541,-0.9433333300000016
175107,22.59777779,44.00630495633028,-0.8922222199999972
175117,21.80333335,43.089678804743365,-0.8888888900000005
175127,20.958888899999998,42.16429607456692,-0.90777778
175137,20.01222224,41.243622677136,-0.8755555599999987
175147,19.01333335,40.37542452010654,-0.7855555599999988
175157,17.97000001,39.649355615637326,-0.6022222199999979
175167,16.9488889,39.21981380413497,-0.1777777799999995
175177,16.09000001,39.38593683463897,0.5188888799999987
175187,15.61222223,40.104870530809094,0.8911110999999998
175197,15.62444444,40.977611681002884,0.8055555600000002
175207,15.66888889,41.74880118563613,0.7122222199999992
175217,15.78777778,42.38108334393796,0.5566666599999994
175227,15.85888889,42.89223385602918,0.4800000000000004
175237,15.96222222,43.30964154987896,0.3722222199999994
175247,16.06777778,43.62338877991617,0.2633333299999982
175257,16.15,43.84417869417646,0.1811111099999998
175267,16.23666667,43.959164409617856,0.0711111099999968
175277,16.26444444,43.97933204069179,0.0166666700000028
175287,16.22222222,43.996963358056334,0.0488888900000006
175297,16.21,44.0449864450076,0.0611111099999988
175307,16.20555555,44.09618700841938,0.0811111199999992
175317,16.24111111,44.14021528035312,0.0544444500000018
175327,16.29888889,44.12331959652501,0.0
175337,16.30777778,44.08110530676178,0.0022222200000001
175347,16.26777778,44.07768163392083,0.0566666600000012
175357,16.28666667,44.116696517124815,0.0633333300000025
175367,16.30777778,44.14273438290998,0.0488888900000006
175377,16.36333333,44.14528522532606,0.00111111
175387,16.39888889,44.101261874862544,-0.0277777799999974
175397,16.39444444,44.03484300213111,-0.0377777700000017
175407,16.4,43.94307567503847,-0.0611111099999988
175417,16.38555556,43.86987735088972,-0.0322222299999985
175427,16.34555556,43.825654277914886,-0.0344444500000022
175437,16.32,43.77608000810895,-0.056666670000002
175447,16.29,43.7081091581226,-0.064444439999999
175457,16.20777778,43.67696050858224,-0.0255555600000008
175467,16.18222222,43.6726469419856,-0.0133333299999982
175477,16.16444444,43.675878248370495,0.0077777799999978
175487,16.09777778,43.72478286146763,0.0933333300000001
175497,16.07222222,43.857634611332934,0.1455555599999982
175507,16.08555555,44.027989892818916,0.1544444499999997
175517,16.15333333,44.15574831949334,0.1122222199999996
175527,16.21555556,44.27967815892657,0.107777770000002
175537,16.24777778,44.43920128096569,0.1622222200000003
175547,16.32666667,44.613194062707045,0.16666665999999697
175557,16.44555555,44.75387896292402,0.1266666699999987
175567,16.52111111,44.81181796559905,0.0611111099999988
175577,16.60333333,44.840985447328556,-0.0133333300000018
175587,16.69666667,44.771505234676496,-0.1255555599999986
175597,16.64888889,44.68034900573162,-0.0855555599999995
175607,16.54,44.669377727698986,0.0111111100000016
175617,16.49555555,44.59814510353896,-0.0133333299999982
175627,16.50888889,44.556717481739476,0.0133333299999982
175637,16.45777778,44.563664304324895,0.011111109999998
175647,16.40888889,44.41699533912468,-0.0622222199999988
175657,16.52333333,44.2276812698556,-0.1922222200000014
175667,16.39333334,44.06761599912484,-0.0444444500000003
175677,16.32333333,44.06369919323747,0.028888890000001
175687,16.35888889,44.04879653081739,-0.028888890000001
175697,16.36444444,43.963606153932325,-0.0822222199999984
175707,16.34111111,43.85950707558095,-0.0722222200000004
175717,16.26222222,43.812182486484296,0.0155555599999992
175727,16.20666667,43.84785092615191,0.0799999999999983
175737,16.19666667,43.94023025592533,0.1244444400000013
175747,16.24,44.04808011047653,0.1088888900000029
175757,16.29666667,44.13211866902803,0.0855555499999987
175767,16.36444444,44.230086392444726,0.1422222200000007
175777,16.41888889,44.476813068509905,0.3299999999999983
175787,16.52888889,44.9223307488669,0.4555555499999997
175797,16.78555555,45.36934591570962,0.4622222199999974
175807,17.10555555,45.984770437941464,0.8266666600000008
175817,17.59222221,47.05542567652142,1.2855555500000015
175827,18.32222221,48.53157513621042,1.645555550000001
175837,19.2822222,50.2394651070176,1.6777777900000004
175847,20.38666665,51.785375379540966,1.3766666700000023
175857,21.43555554,52.93990687324482,0.94777779
175867,22.38666665,53.63012501006868,0.4477777899999999
175877,23.06999999,53.91755472478215,0.1477777800000019
175887,23.51888888,53.992300378166725,0.0111111200000024
175897,23.75111111,54.00011130122383,0.0322222200000013
175907,23.84888889,54.09897335238675,0.1544444399999989
175917,23.95777778,54.30323934842914,0.2488888799999991
175927,24.05888889,54.60296297683392,0.3622222199999996
175937,24.10777778,55.03884615380787,0.4811111100000005
175947,24.26555555,55.509849439302556,0.4433333400000023
175957,24.42111111,55.91777102429587,0.3733333300000012
175967,24.54444444,56.26103407351607,0.3222222300000013
175977,24.59222222,56.585988219360964,0.3288888899999982
175987,24.60444444,56.90993136971606,0.3311111199999992
175997,24.65333333,57.217016616685285,0.3111111100000023
176007,24.71666666,57.46364057816302,0.2177777899999995
176017,24.78555556,57.6051817041125,0.1088888900000029
176027,24.78111111,57.67500953646737,0.0555555599999983
176037,24.82111111,57.682782690163314,-0.0777777800000016
176047,24.92777778,57.52225430825958,-0.2711111099999996
176057,24.95333333,57.19888350790353,-0.3888888799999996
176067,24.88555556,56.833414219219954,-0.3588888899999993
176077,24.81333334,56.48261514994424,-0.3255555600000015
176087,24.78666667,56.15970152419686,-0.3099999999999987
176097,24.77777778,55.8426101947165,-0.3055555600000019
176107,24.74777778,55.57687347985649,-0.2755555600000008
176117,24.69111111,55.379814067755326,-0.2088888900000007
176127,24.65,55.22654952193267,-0.1566666699999999
176137,24.60888889,55.12737489267673,-0.1088888899999993
176147,24.55777778,55.07337977859243,-0.0577777799999985
176157,24.5,55.10567002475407,0.0222222199999997
176167,24.44777778,55.183620644798744,0.09222222
176177,24.41111111,55.311717058101905,0.1366666700000003
176187,24.36444444,55.480932120760315,0.1744444499999993
176197,24.38888889,55.63833865229174,0.1611111100000002
176207,24.40333333,55.79359565111764,0.1822222199999998
176217,24.40222222,56.01290172897649,0.2322222200000006
176227,24.44,56.25037847513392,0.2433333299999986
176237,24.54111111,56.48078554662919,0.1700000000000017
176247,24.64777778,56.63089916426632,0.0388888900000026
176257,24.74888889,56.5958597069401,-0.1766666699999994
176267,24.71,56.367346540522185,-0.2511111100000001
176277,24.56111111,56.130922071723354,-0.1866666600000002
176287,24.46777778,55.94116126648846,-0.3188888900000002
176297,24.45444445,55.47193516734043,-0.7300000000000004
176307,24.22222223,54.59886278536462,-1.053333330000001
176317,23.58222223,53.579588996586,-1.0744444400000006
176327,22.8988889,52.36286553303749,-1.2244444399999992
176337,22.09222224,50.97218573550703,-1.40777778
176347,21.09111113,49.48222581298832,-1.3444444500000008
176357,20.0177778,48.13139032417672,-1.2033333400000004
176367,18.9688889,47.06188199359643,-1.02444444
176377,18.0388889,46.11187689825414,-0.9011111099999988
176387,17.16666668,45.40906090434354,-0.4677777899999995
176397,16.44666668,45.25247401715494,0.1044444300000009
176407,16.23222222,45.46257633451057,0.2233333399999999
176417,16.26,45.5888049830985,0.1211111099999975
176427,16.23555556,45.64334152228493,0.0811111099999983
176437,16.31888889,45.64459249646427,-0.0455555600000003
176447,16.45888889,45.50295050599571,-0.2022222199999994
176457,16.54777778,45.22382633974402,-0.3133333399999998
176467,16.54333333,44.88747825342816,-0.3177777699999993
176477,16.48777778,44.581890989988146,-0.2622222199999982
176487,16.42111111,44.331466266725165,-0.2188888899999987
176497,16.36444445,44.110961060287096,-0.2044444500000004
176507,16.3,43.89766492023507,-0.1944444400000016
176517,16.24444445,43.69118539204571,-0.1877777800000011
176527,16.21888889,43.4908358769746,-0.1922222199999979
176537,16.18222222,43.31596943666976,-0.1577777799999999
176547,16.13777778,43.16242697626548,-0.1077777799999992
176557,16.09555556,43.051476948745616,-0.06666667
176567,16.05444444,42.97891852699952,-0.0277777700000001
176577,16.01666667,42.95173355285077,0.0188888899999994
176587,15.99,42.979119809706965,0.0522222199999991
176597,15.96555556,43.05058511631928,0.0211111099999996
176607,15.95666667,43.084426188274335,0.0455555499999995
176617,15.92777778,43.13768416304805,0.0888888899999997
176627,15.87222222,43.22857818997616,0.1488888900000002
176637,15.81222222,43.384279299031974,0.2022222199999976
176647,15.78,43.59012002500416,0.2599999999999998
176657,15.79222222,43.86678401263896,0.31666667
176667,15.78777778,44.236576336410266,0.4444444399999998
176677,15.85777778,44.70127993759597,0.515555550000002
176687,15.99777777,45.19898093943628,0.5011111199999991
176697,16.12333333,45.66023186202506,0.4522222199999994
176707,16.25,46.058452447514284,0.3833333299999992
176717,16.37888889,46.37423813349396,0.2800000000000011
176727,16.41111111,46.615851049700936,0.25
176737,16.41777778,46.84527046210857,0.2333333299999971
176747,16.43555555,47.04976699596978,0.2111111199999982
176757,16.48444444,47.20482961023673,0.1577777799999999
176767,16.52444444,47.30347065567466,0.1011111199999987
176777,16.56777778,47.35085252828044,0.0255555499999999
176787,16.60222222,47.336902997504644,-0.0400000000000027
176797,16.62666667,47.28405104018962,-0.0788888899999982
176807,16.66333333,47.196044755662854,-0.1344444399999993
176817,16.77111111,47.007136640440216,-0.2455555499999988
176827,16.8,46.741788125558,-0.2688888899999995
176837,16.74111111,46.51372669350617,-0.2022222199999994
176847,16.69,46.33256618603667,-0.1611111100000002
176857,16.62333333,46.19618649782482,-0.0944444400000001
176867,16.62,46.078845299566325,-0.0955555600000011
176877,16.63888889,45.94048517551954,-0.1177777800000008
176887,16.62555556,45.78806885652227,-0.129999999999999
176897,16.61777778,45.645544660865156,-0.1433333300000008
176907,16.62222222,45.48718002971042,-0.1677777800000015
176917,16.60777778,45.315075799180356,-0.1633333399999976
176927,16.58111111,45.132020592134936,-0.1477777799999984
176937,16.55666667,44.975500152423756,-0.1099999999999994
176947,16.55111111,44.85504621485369,-0.0888888899999997
176957,16.53222222,44.7693880555681,-0.0711111100000003
176967,16.54888889,44.66155576289364,-0.1011111100000015
176977,16.54333333,44.531082331513694,-0.1088888799999985
176987,16.55444444,44.36558245752872,-0.1433333300000008
176997,16.53888889,44.19099435389253,-0.1400000000000005
177007,16.50111111,44.03576508995782,-0.1111111099999995
177017,16.44777778,43.93264000147909,-0.0566666699999984
177027,16.40555555,43.858701903633566,-0.0244444399999999
177037,16.42555556,43.79184249203925,-0.0544444499999983
177047,16.43444444,43.74004704532855,-0.0655555499999991
177057,16.43666667,43.70661565437621,-0.0588888900000021
177067,16.43888889,43.68336330631466,-0.0577777800000021
177077,16.43888889,43.651265147004345,-0.056666670000002
177087,16.44666667,43.59121954217146,-0.0633333399999998
177097,16.42888889,43.53044141119611,-0.0455555600000003
177107,16.43888889,43.47634160209496,-0.0588888900000021
177117,16.44,43.41599116249365,-0.0522222200000008
177127,16.46666667,43.33314819597969,-0.0833333399999993
177137,16.44555556,43.24687496643591,-0.051111119999998
177147,16.41666667,43.19669581171425,-0.018888890000003
177157,16.38111111,43.17782884194537,0.0144444499999991
177167,16.39777778,43.130567214881104,-0.0144444499999991
177177,16.40555556,43.081256309994366,-0.0166666699999993
177187,16.40666667,43.03739710187587,-0.0211111099999996
177197,16.38333333,42.997374624362365,-0.0033333300000002
177207,16.4,42.95255744465985,-0.0433333299999993
177217,16.41333333,42.85302216823349,-0.0977777700000004
177227,16.4,42.679455486664864,-0.1211111099999975
177237,16.34,42.53909428464013,-0.0977777800000012
177247,16.27777778,42.43690115623024,-0.0722222200000004
177257,16.23333333,42.37204147821939,-0.038888889999998996
177267,16.18777778,42.340274449875004,0.00111111
177277,16.15111111,42.35193697346658,0.0300000000000011
177287,16.11222222,42.39731326313664,0.0588888899999986
177297,16.11,42.44883779326456,0.0333333300000013
177307,16.10111111,42.48042451369658,0.0344444499999987
177317,16.08555556,42.51444347529889,0.0566666600000012
177327,16.05222222,42.58310168009136,0.1066666699999991
177337,16.06333333,42.69800295814842,0.1533333300000023
177347,16.12,42.85726208769077,0.1799999999999997
177357,16.24111111,43.014034647127154,0.1277777800000024
177367,16.34888889,43.10563502655175,0.0722222199999969
177377,16.41777778,43.16857720193956,0.0599999999999987
177387,16.48,43.20898419518469,0.0377777799999989
177397,16.54,43.233645384888675,0.0111111100000016
177407,16.59111111,43.229808338061865,-0.0166666699999993
177417,16.64777778,43.19038496692481,-0.0622222199999988
177427,16.67555556,43.105265810300274,-0.0922222300000008
177437,16.69555555,43.00133942766939,-0.1155555500000033
177447,16.72,42.88156749790558,-0.1422222199999971
177457,16.72777778,42.74945004487212,-0.1555555599999998
177467,16.69888889,42.621786593193455,-0.1177777800000008
177477,16.69666667,42.53008162181725,-0.1066666699999991
177487,16.76888889,42.42386348593965,-0.16777777999999802
177497,16.80777778,42.24747601741129,-0.2122222199999974
177507,16.80888889,41.75968949350332,-0.9922221999999988
177517,16.64666668,39.97048758643128,-2.5677777599999985
177527,15.61333336,36.92290692383988,-3.46888888
177537,13.99222225,33.27976630482196,-3.732222219999999
177547,11.95222226,29.822822509758076,-2.9744444660000005
177557,10.08333336,27.35501178717129,-2.012222231999999
177567,8.725555575,25.589819464438072,-1.6044444459999996
177577,7.702222239,23.99707013280493,-1.5999999990000005
177587,6.868888902,22.246800257808648,-1.9388888830000002
177597,6.068888904,20.15596991298143,-2.227777774
177607,5.184444461,17.814437960632482,-2.411111109
177617,4.252222238,15.354058274414255,-2.518888884
177627,3.3344444610000004,12.713244122281955,-2.7455555570000003
